data_dir,N_way,K_shot,inner_lr,outer_lr,n_steps,meta_steps,task_mb_size,lam,cg_steps,cg_damping,use_gpu,num_tasks,save_dir,lam_lr,lam_min,scalar_lam,taylor_approx,inner_alg,load_agent,load_tasks,train_pre,test_pre,train_post,test_post,train_acc,val_acc
/home/adithi-samudrala/imaml_dev/omniglot/python,5,1,0.1,0.001,16,500,32,2.0,5,1.0,True,5000,5_way_1_shot_exp1,0.0,0.0,True,False,gradient,,./task_defs/Omniglot_5_way_1_shot.pickle,2.3960121236741543,2.364738181233406,0.0015443617667187937,1.6634388454258442,100.0,42.5
,,,,,,,,,,,,,,,,,,,,,2.5482217743992805,2.4127425141632557,0.0016558907482249197,1.7389625692740083,100.0,43.75
,,,,,,,,,,,,,,,,,,,,,2.4237209297716618,2.397027127444744,0.001708418429188896,1.6974651478230953,100.0,40.0
,,,,,,,,,,,,,,,,,,,,,2.6790619678795338,2.7113524712622166,0.0017422830715076998,1.5353955337777734,100.0,48.125
,,,,,,,,,,,,,,,,,,,,,2.748472262173891,2.7963397912681103,0.0017671657205937663,1.8664744794368744,100.0,33.75
,,,,,,,,,,,,,,,,,,,,,3.103641517460346,2.9957413524389267,0.00197762597235851,1.7050343677401543,100.0,36.875
,,,,,,,,,,,,,,,,,,,,,3.077884681522846,3.119245007634163,0.0022199952545634005,1.6434925878420472,100.0,49.375
,,,,,,,,,,,,,,,,,,,,,3.5553289279341698,3.4328719452023506,0.002164988916774746,1.4740509083494544,100.0,50.625
,,,,,,,,,,,,,,,,,,,,,3.6766222342848778,3.8804986253380775,0.002366466032981407,1.7189685832709074,100.0,37.5
,,,,,,,,,,,,,,,,,,,,,4.2870714366436005,4.274044245481491,0.0025025184477271978,1.5153779294341803,100.0,45.0
,,,,,,,,,,,,,,,,,,,,,4.708605907857418,4.806896165013313,0.00276772982761031,1.41094986256212,100.0,44.375
,,,,,,,,,,,,,,,,,,,,,5.225929833948612,5.18130898475647,0.0029523594748752657,1.5398420561105013,100.0,50.625
,,,,,,,,,,,,,,,,,,,,,5.758854657411575,5.787476882338524,0.0026902224744844716,1.453851841390133,100.0,43.125
,,,,,,,,,,,,,,,,,,,,,6.181059494614601,6.0924812108278275,0.0027280022368358914,1.2992460634559393,100.0,49.375
,,,,,,,,,,,,,,,,,,,,,6.283468142151833,6.495883405208588,0.002600560837890953,1.304857723414898,100.0,56.25
,,,,,,,,,,,,,,,,,,,,,6.670856595039368,6.957147151231766,0.002858805422874866,1.3656715005636215,100.0,54.375
,,,,,,,,,,,,,,,,,,,,,7.2723043113946915,7.070233389735222,0.0034090667686541565,1.313065686263144,100.0,50.0
,,,,,,,,,,,,,,,,,,,,,7.19011427462101,7.278760209679604,0.0028460754256229848,1.3205843549221754,100.0,49.375
,,,,,,,,,,,,,,,,,,,,,7.3474904000759125,7.393718779087067,0.0031131349824136123,1.3006333950906992,100.0,51.875
,,,,,,,,,,,,,,,,,,,,,7.321915850043297,7.242240890860558,0.0031962307693902403,1.223891045898199,100.0,55.0
,,,,,,,,,,,,,,,,,,,,,7.355762705206871,7.416525959968567,0.003268977132393047,1.3616296695545316,100.0,48.75
,,,,,,,,,,,,,,,,,,,,,7.372169449925423,7.359120085835457,0.003063053201913135,1.346557980403304,100.0,50.0
,,,,,,,,,,,,,,,,,,,,,7.193567141890526,7.280931159853935,0.0034205644187750295,1.4443607199937105,100.0,42.5
,,,,,,,,,,,,,,,,,,,,,7.1087013483047485,7.096110090613365,0.003550883469870314,1.37246735394001,100.0,50.0
,,,,,,,,,,,,,,,,,,,,,6.852727383375168,7.072385847568512,0.00338683242443949,1.1754009099677205,100.0,53.125
,,,,,,,,,,,,,,,,,,,,,6.753409191966057,6.732916161417961,0.0036478877373156138,1.1727644577622414,100.0,58.75
,,,,,,,,,,,,,,,,,,,,,6.523969933390617,6.642896234989166,0.003749204595806077,1.0989734968170524,100.0,57.5
,,,,,,,,,,,,,,,,,,,,,6.440570920705795,6.630125656723976,0.0036449220060603693,1.2557179974392056,100.0,53.75
,,,,,,,,,,,,,,,,,,,,,6.22014744579792,6.363345921039581,0.003922196301573422,1.3133435547351837,100.0,50.0
,,,,,,,,,,,,,,,,,,,,,6.101888552308083,6.139205798506737,0.0038927524219616316,1.0137862581759691,100.0,65.0
,,,,,,,,,,,,,,,,,,,,,6.079749777913094,6.150628358125687,0.0038353494746843353,1.260225249454379,100.0,50.0
,,,,,,,,,,,,,,,,,,,,,6.144890129566193,6.01836621761322,0.004079734171682503,1.2258418388664722,100.0,55.625
,,,,,,,,,,,,,,,,,,,,,5.883321285247803,6.0109138786792755,0.004182220349321142,1.1371376989409328,100.0,55.0
,,,,,,,,,,,,,,,,,,,,,6.112594157457352,5.947573512792587,0.0041576571529731154,1.079763119108975,100.0,57.5
,,,,,,,,,,,,,,,,,,,,,6.094663202762604,6.068507984280586,0.004150376051256899,1.0060390448197722,100.0,63.125
,,,,,,,,,,,,,,,,,,,,,5.974846348166466,6.05512036383152,0.00443764244846534,1.2310757972300053,100.0,55.625
,,,,,,,,,,,,,,,,,,,,,6.0374685972929,6.159126475453377,0.004313143392209895,1.2263515926897526,100.0,51.25
,,,,,,,,,,,,,,,,,,,,,5.93001951277256,6.053913250565529,0.004614954370481428,1.2007265500724316,100.0,56.25
,,,,,,,,,,,,,,,,,,,,,5.98674276471138,5.904665231704712,0.004309268471843097,1.1038768598809838,100.0,59.375
,,,,,,,,,,,,,,,,,,,,,6.231124818325043,6.09251444041729,0.004375620650534984,1.197143791243434,100.0,54.375
,,,,,,,,,,,,,,,,,,,,,6.11911615729332,6.322174444794655,0.004575100385409314,1.0974582368507981,100.0,63.125
,,,,,,,,,,,,,,,,,,,,,6.200296804308891,6.28257729113102,0.004467331840714905,1.2258509155362844,100.0,55.625
,,,,,,,,,,,,,,,,,,,,,6.281989589333534,6.203001335263252,0.004507915145950392,1.0624095406383276,100.0,59.375
,,,,,,,,,,,,,,,,,,,,,6.227009817957878,6.246214210987091,0.0044100695886299945,1.1814724672585726,100.0,58.125
,,,,,,,,,,,,,,,,,,,,,6.397020488977432,6.458945229649544,0.004440974684257526,1.234606809914112,100.0,50.0
,,,,,,,,,,,,,,,,,,,,,6.30535489320755,6.224953234195709,0.004557064894470386,1.043692837934941,100.0,60.625
,,,,,,,,,,,,,,,,,,,,,6.56751112639904,6.369215428829193,0.004789412138052285,1.019516110420227,100.0,63.125
,,,,,,,,,,,,,,,,,,,,,6.394387930631638,6.445587828755379,0.004610852454788983,1.1565000470727682,100.0,58.75
,,,,,,,,,,,,,,,,,,,,,6.348469227552414,6.45359793305397,0.004886246264504734,0.9441220974549651,100.0,61.875
,,,,,,,,,,,,,,,,,,,,,6.449143975973129,6.391936704516411,0.004816815409867559,0.9655925193801522,100.0,66.25
,,,,,,,,,,,,,,,,,,,,,6.37841010093689,6.50748473405838,0.004620678744686302,1.0805717892944813,100.0,61.25
,,,,,,,,,,,,,,,,,,,,,6.553938239812851,6.3841839879751205,0.004849942852160893,1.0025547882542014,100.0,63.125
,,,,,,,,,,,,,,,,,,,,,6.48736284673214,6.472854375839233,0.004781758441822603,1.2069782000035048,100.0,58.125
,,,,,,,,,,,,,,,,,,,,,6.443185180425644,6.4070053845644,0.005128199765749741,1.0200122697278857,100.0,61.875
,,,,,,,,,,,,,,,,,,,,,6.5752115696668625,6.550588294863701,0.004875931605056394,1.023794425651431,100.0,63.75
,,,,,,,,,,,,,,,,,,,,,6.284991726279259,6.350390389561653,0.004669830253988039,1.0407218430191278,100.0,58.75
,,,,,,,,,,,,,,,,,,,,,6.43138113617897,6.378648608922958,0.004991041452740319,1.0222703469917178,100.0,61.875
,,,,,,,,,,,,,,,,,,,,,6.3799358904361725,6.425050064921379,0.0051496531086741015,0.993112176656723,100.0,61.25
,,,,,,,,,,,,,,,,,,,,,6.337492108345032,6.243464559316635,0.00563231467094738,0.9640107899904251,100.0,65.0
,,,,,,,,,,,,,,,,,,,,,6.326539695262909,6.300710365176201,0.0052381961068022065,1.0542957531288266,100.0,60.0
,,,,,,,,,,,,,,,,,,,,,6.49498987197876,6.444664627313614,0.0049556238373043016,1.1397147998213768,100.0,56.25
,,,,,,,,,,,,,,,,,,,,,6.480863556265831,6.477045729756355,0.0048730508497101255,1.0980591243132949,100.0,56.875
,,,,,,,,,,,,,,,,,,,,,6.508025586605072,6.358385890722275,0.005246422137133777,1.03282226389274,100.0,63.75
,,,,,,,,,,,,,,,,,,,,,6.43817526102066,6.410681173205376,0.005399379057053011,1.133979007601738,100.0,55.0
,,,,,,,,,,,,,,,,,,,,,6.4224565625190735,6.3973023146390915,0.005259394733002409,1.0454116221517324,100.0,60.0
,,,,,,,,,,,,,,,,,,,,,6.282218739390373,6.338919848203659,0.005209621602261905,0.9257648661732674,100.0,64.375
,,,,,,,,,,,,,,,,,,,,,6.3548623919487,6.320636481046677,0.005399816633143928,1.0495308889076114,100.0,59.375
,,,,,,,,,,,,,,,,,,,,,6.171877488493919,6.402168408036232,0.005359821436286438,1.093786501325667,100.0,59.375
,,,,,,,,,,,,,,,,,,,,,6.3001512587070465,6.27330756187439,0.005225529726885725,1.0266465144231915,100.0,64.375
,,,,,,,,,,,,,,,,,,,,,6.272658661007881,6.342808723449707,0.005176661565201357,0.925013342872262,100.0,64.375
,,,,,,,,,,,,,,,,,,,,,6.177208304405212,6.255069345235825,0.005375309017836116,1.0775179425254464,100.0,58.125
,,,,,,,,,,,,,,,,,,,,,6.330466121435165,6.314155116677284,0.005539626516110729,0.936149662360549,100.0,61.25
,,,,,,,,,,,,,,,,,,,,,6.1567742973566055,6.181195229291916,0.005335982670658268,0.8749192534014583,100.0,68.75
,,,,,,,,,,,,,,,,,,,,,6.192095533013344,6.209071561694145,0.005431882535049226,0.9476093365810812,100.0,66.25
,,,,,,,,,,,,,,,,,,,,,6.072759419679642,6.026736810803413,0.005285440740408376,0.8666174514219165,100.0,68.75
,,,,,,,,,,,,,,,,,,,,,6.048600718379021,6.130718618631363,0.005518630779988598,0.9305537641048431,100.0,64.375
,,,,,,,,,,,,,,,,,,,,,6.141133949160576,6.241752907633781,0.005422767295385711,0.9318603295832872,100.0,69.375
,,,,,,,,,,,,,,,,,,,,,6.114385589957237,6.2404032945632935,0.005239956510195043,1.0044566513970494,100.0,63.125
,,,,,,,,,,,,,,,,,,,,,6.0161080956459045,6.058898136019707,0.00563627366500441,1.0551754757761955,100.0,65.0
,,,,,,,,,,,,,,,,,,,,,6.015952154994011,6.122011795639992,0.005384269228670746,0.8764776811003685,100.0,66.875
,,,,,,,,,,,,,,,,,,,,,6.005822598934174,6.174134686589241,0.005386715769418515,1.0044974787160754,100.0,62.5
,,,,,,,,,,,,,,,,,,,,,5.990312069654465,6.043263286352158,0.005392766877776012,1.0590266827493906,100.0,59.375
,,,,,,,,,,,,,,,,,,,,,5.896689385175705,5.952441498637199,0.005369953672925476,0.98054314032197,100.0,64.375
,,,,,,,,,,,,,,,,,,,,,6.091940134763718,6.017551928758621,0.005447736497444566,1.035974757745862,100.0,60.625
,,,,,,,,,,,,,,,,,,,,,6.0024774968624115,5.899379119277,0.0056953440071083605,1.0503624905832112,100.0,61.25
,,,,,,,,,,,,,,,,,,,,,5.629595398902893,5.818431049585342,0.005064472199592274,0.9164991825819016,100.0,66.25
,,,,,,,,,,,,,,,,,,,,,5.7592563182115555,5.7095348089933395,0.005153201920620631,0.9453493198379874,100.0,63.75
,,,,,,,,,,,,,,,,,,,,,5.829561486840248,5.823418855667114,0.005253923074633349,0.9036661460995674,100.0,64.375
,,,,,,,,,,,,,,,,,,,,,5.789489179849625,5.863672524690628,0.005832168499182444,0.99760302901268,100.0,60.625
,,,,,,,,,,,,,,,,,,,,,5.801102593541145,5.760892391204834,0.005355380839318968,0.9078638795763254,100.0,67.5
,,,,,,,,,,,,,,,,,,,,,5.875044971704483,5.836354285478592,0.0052015533146914095,0.9891176577657461,100.0,65.625
,,,,,,,,,,,,,,,,,,,,,5.879422575235367,5.839635327458382,0.00519173239445081,1.0440047774463892,100.0,61.25
,,,,,,,,,,,,,,,,,,,,,6.031550899147987,5.926369816064835,0.005742600507801399,1.0112178912386298,100.0,65.625
,,,,,,,,,,,,,,,,,,,,,6.050753444433212,5.947867169976234,0.005290504719596356,0.925960716791451,100.0,68.125
,,,,,,,,,,,,,,,,,,,,,6.020114243030548,6.107537046074867,0.005717517604352906,0.919850206002593,100.0,66.25
,,,,,,,,,,,,,,,,,,,,,6.104353293776512,6.09955857694149,0.005465403948619496,1.1560614900663495,100.0,57.5
,,,,,,,,,,,,,,,,,,,,,6.146208301186562,6.191788151860237,0.005723668276914395,0.9191807648167014,100.0,66.875
,,,,,,,,,,,,,,,,,,,,,6.201083451509476,6.086471527814865,0.005724244299926795,0.9667195198126137,100.0,63.75
,,,,,,,,,,,,,,,,,,,,,6.207549914717674,6.282922953367233,0.005610229658486787,0.7453613858669996,100.0,73.75
,,,,,,,,,,,,,,,,,,,,,6.184477269649506,6.163030743598938,0.004976465119398199,1.096068081445992,100.0,57.5
,,,,,,,,,,,,,,,,,,,,,6.177498161792755,6.156614542007446,0.005461193897644989,1.0804448258131742,100.0,61.875
,,,,,,,,,,,,,,,,,,,,,6.148290723562241,6.151186674833298,0.005285398205160163,0.8419123822823167,100.0,71.875
,,,,,,,,,,,,,,,,,,,,,6.098618134856224,5.998537361621857,0.005510737100848928,0.9074709364213049,100.0,66.25
,,,,,,,,,,,,,,,,,,,,,6.150962799787521,6.064829438924789,0.005153180674824398,0.8964228704571724,100.0,66.875
,,,,,,,,,,,,,,,,,,,,,5.968844220042229,5.9638171046972275,0.005018776209908538,0.8244776409119368,100.0,70.625
,,,,,,,,,,,,,,,,,,,,,5.864870607852936,5.875975653529167,0.005523940992134158,0.9085807278752327,100.0,65.625
,,,,,,,,,,,,,,,,,,,,,5.890641570091248,5.8481909185647964,0.005276275653159246,0.7868570473510772,100.0,75.625
,,,,,,,,,,,,,,,,,,,,,5.907156199216843,5.864709481596947,0.005635708992485888,0.8409760193899274,100.0,70.0
,,,,,,,,,,,,,,,,,,,,,5.857736811041832,5.795907139778137,0.005323636680259369,0.9280677414499223,100.0,61.25
,,,,,,,,,,,,,,,,,,,,,5.7846724689006805,5.765503436326981,0.005559054188779555,1.0123696774244308,100.0,58.75
,,,,,,,,,,,,,,,,,,,,,5.748916640877724,5.815054416656494,0.005050926061812788,0.9149565836414695,100.0,66.875
,,,,,,,,,,,,,,,,,,,,,5.731708377599716,5.608196184039116,0.005301888304529712,0.8922293186187744,100.0,65.0
,,,,,,,,,,,,,,,,,,,,,5.6795304119586945,5.685057178139687,0.00535094780207146,0.8418186153285205,100.0,68.125
,,,,,,,,,,,,,,,,,,,,,5.646032527089119,5.617491602897644,0.005435733823105693,0.8894073022529483,100.0,66.875
,,,,,,,,,,,,,,,,,,,,,5.747405380010605,5.747649222612381,0.005022268334869295,0.9604051960632205,100.0,62.5
,,,,,,,,,,,,,,,,,,,,,5.755691170692444,5.740583166480064,0.005426718620583415,0.8534798710606992,100.0,68.75
,,,,,,,,,,,,,,,,,,,,,5.668660059571266,5.695960208773613,0.005407504671893548,0.9266985370777547,100.0,66.875
,,,,,,,,,,,,,,,,,,,,,5.6677475571632385,5.775981172919273,0.005122413123899605,0.8269099686294794,100.0,70.0
,,,,,,,,,,,,,,,,,,,,,5.737027585506439,5.89283312857151,0.004988254499039613,0.9460638179443777,100.0,68.125
,,,,,,,,,,,,,,,,,,,,,5.756766721606255,5.7963134199380875,0.005120217683725059,0.8548622746020555,100.0,71.875
,,,,,,,,,,,,,,,,,,,,,5.78571629524231,5.880655899643898,0.004959747493558098,0.8961524376645684,100.0,66.875
,,,,,,,,,,,,,,,,,,,,,5.850734144449234,5.765349268913269,0.005323569821484853,0.8385514370165765,100.0,66.25
,,,,,,,,,,,,,,,,,,,,,5.830808088183403,5.813178211450577,0.0052968102900194936,0.8663725913502276,100.0,70.625
,,,,,,,,,,,,,,,,,,,,,5.724548101425171,5.816369846463203,0.005159013358934317,0.8507491378113627,100.0,67.5
,,,,,,,,,,,,,,,,,,,,,5.833967536687851,5.765572562813759,0.005285238039505202,0.9263252187520266,100.0,65.625
,,,,,,,,,,,,,,,,,,,,,5.911157324910164,5.866358041763306,0.0054311193598550744,0.9308814499527216,100.0,65.0
,,,,,,,,,,,,,,,,,,,,,5.699214488267899,5.718440383672714,0.0051216352003393695,0.9195806048810482,100.0,65.0
,,,,,,,,,,,,,,,,,,,,,5.744689449667931,5.759455591440201,0.005088803489343263,0.976804357022047,100.0,64.375
,,,,,,,,,,,,,,,,,,,,,5.70904141664505,5.781602472066879,0.00505424907169072,0.8815310057252645,100.0,61.875
,,,,,,,,,,,,,,,,,,,,,5.760816127061844,5.749172225594521,0.005223773456236813,0.9026663331314921,100.0,65.0
,,,,,,,,,,,,,,,,,,,,,5.702588453888893,5.659299373626709,0.004950130074576009,1.043975274078548,100.0,63.125
,,,,,,,,,,,,,,,,,,,,,5.702655538916588,5.754255548119545,0.005316107599355746,1.0194605626165867,100.0,65.0
,,,,,,,,,,,,,,,,,,,,,5.837648451328278,5.905318647623062,0.005400021102104802,1.019836780615151,100.0,60.0
,,,,,,,,,,,,,,,,,,,,,5.716540202498436,5.704284250736237,0.004858338834310416,0.8313680486753583,100.0,71.25
,,,,,,,,,,,,,,,,,,,,,5.892432942986488,5.921458035707474,0.005660837356117554,0.9292990006506443,100.0,65.625
,,,,,,,,,,,,,,,,,,,,,5.917617931962013,5.987722888588905,0.005025156548072118,0.9064923254773021,100.0,69.375
,,,,,,,,,,,,,,,,,,,,,5.95091538131237,5.901672050356865,0.0054059655230958015,0.9601968713104725,100.0,65.625
,,,,,,,,,,,,,,,,,,,,,5.934144467115402,5.979258105158806,0.005274218310660217,0.96633180975914,100.0,66.25
,,,,,,,,,,,,,,,,,,,,,5.9314703196287155,5.8003069460392,0.005282063422782812,0.844896424561739,100.0,70.0
,,,,,,,,,,,,,,,,,,,,,5.945593997836113,5.740495830774307,0.005294138267345261,0.7596657574176788,100.0,75.625
,,,,,,,,,,,,,,,,,,,,,5.927156448364258,5.956361040472984,0.00541802887164522,0.9182703061960638,100.0,69.375
,,,,,,,,,,,,,,,,,,,,,5.969980776309967,5.9405344277620316,0.005274099952657707,0.8343065823428333,100.0,71.25
,,,,,,,,,,,,,,,,,,,,,5.947544679045677,5.95623292028904,0.005463960726046935,0.7727801371365786,100.0,71.875
,,,,,,,,,,,,,,,,,,,,,5.888460725545883,5.818514600396156,0.005441151981358416,0.9224123070016503,100.0,68.125
,,,,,,,,,,,,,,,,,,,,,5.936239913105965,5.919980064034462,0.005531693597731646,0.8613304705359042,100.0,69.375
,,,,,,,,,,,,,,,,,,,,,5.910836473107338,5.859622269868851,0.00523231736588059,0.8297645424026996,100.0,73.125
,,,,,,,,,,,,,,,,,,,,,5.870077818632126,5.860443577170372,0.005455057806102559,0.7480881048832089,100.0,75.625
,,,,,,,,,,,,,,,,,,,,,5.858284533023834,6.002638950943947,0.005529170550289564,0.9453581143170595,100.0,63.75
,,,,,,,,,,,,,,,,,,,,,5.7831891477108,5.790810257196426,0.005257253491436131,0.8480888134799898,100.0,66.875
,,,,,,,,,,,,,,,,,,,,,5.939710825681686,5.90738220512867,0.0055053531541489065,0.915211851708591,100.0,70.625
,,,,,,,,,,,,,,,,,,,,,5.792298212647438,5.848216071724892,0.005514782067621127,0.8003336503170431,100.0,68.75
,,,,,,,,,,,,,,,,,,,,,5.9713935405015945,5.786586597561836,0.005272905116726179,0.880209599621594,100.0,68.125
,,,,,,,,,,,,,,,,,,,,,5.826313778758049,5.821278780698776,0.005196984639042057,0.7950054469984025,100.0,73.75
,,,,,,,,,,,,,,,,,,,,,5.785369470715523,5.685879111289978,0.005347490550775547,0.8271875763311982,100.0,66.25
,,,,,,,,,,,,,,,,,,,,,5.840925171971321,5.757738143205643,0.0055164841542136855,0.8408785630017519,100.0,71.25
,,,,,,,,,,,,,,,,,,,,,5.8436528742313385,5.815902605652809,0.005386019220168237,0.8888420565053821,100.0,66.25
,,,,,,,,,,,,,,,,,,,,,5.838226705789566,5.711256220936775,0.005171606928342953,0.9056437239050865,100.0,71.25
,,,,,,,,,,,,,,,,,,,,,5.703864187002182,5.820245802402496,0.0051441174146020785,0.9534465800970793,100.0,64.375
,,,,,,,,,,,,,,,,,,,,,5.694228395819664,5.638013705611229,0.005351469684683252,0.8437075857073069,100.0,70.0
,,,,,,,,,,,,,,,,,,,,,5.72034427523613,5.715319216251373,0.005176600032427814,0.8588082226924598,100.0,69.375
,,,,,,,,,,,,,,,,,,,,,5.805469289422035,5.785278826951981,0.0055540516041219234,0.8746894998475909,100.0,70.625
,,,,,,,,,,,,,,,,,,,,,5.775067061185837,5.714726895093918,0.0052892777021043,0.9190624337643385,100.0,69.375
,,,,,,,,,,,,,,,,,,,,,5.655890494585037,5.724826708436012,0.005121661270095501,0.9945790525525808,100.0,64.375
,,,,,,,,,,,,,,,,,,,,,5.686346337199211,5.691243067383766,0.0051651047469931655,0.8946563890203834,100.0,68.125
,,,,,,,,,,,,,,,,,,,,,5.676217153668404,5.6281499564647675,0.005211273739405442,0.8848654460161924,100.0,69.375
,,,,,,,,,,,,,,,,,,,,,5.79472342133522,5.729743704199791,0.005520706588868052,0.8915951242670417,100.0,68.125
,,,,,,,,,,,,,,,,,,,,,5.804280549287796,5.824364125728607,0.00507687571371207,0.8681150302290916,100.0,66.875
,,,,,,,,,,,,,,,,,,,,,5.862409248948097,5.766773074865341,0.0052432901138672605,0.9237818359397352,100.0,66.25
,,,,,,,,,,,,,,,,,,,,,5.831817805767059,5.876406878232956,0.005573876165726688,0.8713796096853912,100.0,70.625
,,,,,,,,,,,,,,,,,,,,,5.622430056333542,5.712377920746803,0.005386595359595958,0.7308045541867614,100.0,72.5
,,,,,,,,,,,,,,,,,,,,,5.745459780097008,5.772130504250526,0.005296815616020467,0.9309213659726083,100.0,66.25
,,,,,,,,,,,,,,,,,,,,,5.571437507867813,5.676821351051331,0.0051682154517038725,0.683551867492497,100.0,75.0
,,,,,,,,,,,,,,,,,,,,,5.681544154882431,5.6759786158800125,0.005203690408961847,0.8350745793431997,100.0,70.625
,,,,,,,,,,,,,,,,,,,,,5.757159858942032,5.772177070379257,0.004952805145876482,0.7620516922324896,100.0,74.375
,,,,,,,,,,,,,,,,,,,,,5.629782989621162,5.73164290189743,0.005283401987981051,0.7419022270478308,100.0,74.375
,,,,,,,,,,,,,,,,,,,,,5.734097480773926,5.582041412591934,0.005225540946412366,0.7181936344131827,100.0,71.25
,,,,,,,,,,,,,,,,,,,,,5.684496313333511,5.563117325305939,0.0050057139378623106,0.7992777759209275,100.0,75.0
,,,,,,,,,,,,,,,,,,,,,5.6979046911001205,5.738662764430046,0.0053582976324833,0.7772562028840184,100.0,71.25
,,,,,,,,,,,,,,,,,,,,,5.716360718011856,5.699094250798225,0.004999304248485714,0.867194248829037,100.0,68.75
,,,,,,,,,,,,,,,,,,,,,5.758763864636421,5.878426566720009,0.004809124358871486,0.8583146557211876,100.0,70.0
,,,,,,,,,,,,,,,,,,,,,5.93066643178463,5.976514860987663,0.005108564997499343,0.9699475332163274,100.0,65.625
,,,,,,,,,,,,,,,,,,,,,5.676249206066132,5.719955965876579,0.0049989438557531685,0.7647144556976855,100.0,73.75
,,,,,,,,,,,,,,,,,,,,,5.776053890585899,5.749341577291489,0.004840607551159337,0.7831555758602917,100.0,75.625
,,,,,,,,,,,,,,,,,,,,,5.674102455377579,5.723910093307495,0.005093232823128346,0.7144831009209156,100.0,79.375
,,,,,,,,,,,,,,,,,,,,,5.806574806571007,5.717102065682411,0.005010784982005134,0.8859393284656107,100.0,66.25
,,,,,,,,,,,,,,,,,,,,,5.762602388858795,5.664716333150864,0.005216102465055883,0.788292579818517,100.0,70.625
,,,,,,,,,,,,,,,,,,,,,5.6955536007881165,5.756563797593117,0.004848886324907653,0.8987607415765524,100.0,72.5
,,,,,,,,,,,,,,,,,,,,,5.758963018655777,5.760556444525719,0.005185792055272032,0.7529462545644492,100.0,73.75
,,,,,,,,,,,,,,,,,,,,,5.828424200415611,5.837422892451286,0.0050988094371859916,0.9032442914322019,100.0,69.375
,,,,,,,,,,,,,,,,,,,,,5.832262456417084,5.808493375778198,0.004880971377133392,0.7018332553561777,100.0,75.625
,,,,,,,,,,,,,,,,,,,,,5.953796684741974,5.822109147906303,0.004955024443916045,0.8980045048519969,100.0,70.625
,,,,,,,,,,,,,,,,,,,,,5.737795293331146,5.926134705543518,0.004705756808107253,0.956884756218642,100.0,63.75
,,,,,,,,,,,,,,,,,,,,,5.879615783691406,5.846847176551819,0.004541707690805197,0.8907437631860375,100.0,66.25
,,,,,,,,,,,,,,,,,,,,,5.862183779478073,5.834863364696503,0.00497547226405004,0.7495626453310251,100.0,70.625
,,,,,,,,,,,,,,,,,,,,,5.857878535985947,5.748142138123512,0.00469967260141857,0.7742023193277419,100.0,71.875
,,,,,,,,,,,,,,,,,,,,,5.793323665857315,5.730171248316765,0.005164406837138813,0.9128164788708091,100.0,66.875
,,,,,,,,,,,,,,,,,,,,,5.925838083028793,5.912115633487701,0.004725545579276513,0.7757422863505781,100.0,71.875
,,,,,,,,,,,,,,,,,,,,,5.869250878691673,5.918634921312332,0.00474112227675505,0.7254578466527164,100.0,74.375
,,,,,,,,,,,,,,,,,,,,,5.828969910740852,5.856458276510239,0.005002506768505555,0.8467988753691316,100.0,69.375
,,,,,,,,,,,,,,,,,,,,,5.7767728716135025,5.813982427120209,0.005013227622839622,0.7561946758069098,100.0,70.625
,,,,,,,,,,,,,,,,,,,,,5.883600443601608,5.808965370059013,0.0048938583640847355,0.8481540102511644,100.0,69.375
,,,,,,,,,,,,,,,,,,,,,5.927854239940643,5.800573602318764,0.004939997859764844,0.8026779661886394,100.0,70.0
,,,,,,,,,,,,,,,,,,,,,5.89716449379921,5.8515902906656265,0.004784210948855616,0.9525580466724932,100.0,63.75
,,,,,,,,,,,,,,,,,,,,,5.888594821095467,5.842385962605476,0.00500795294647105,0.9428948992863297,100.0,66.25
,,,,,,,,,,,,,,,,,,,,,5.854056611657143,5.794362410902977,0.004317439867008943,0.7095795227214694,100.0,75.0
,,,,,,,,,,,,,,,,,,,,,5.791129693388939,5.8151291608810425,0.004968393608578481,0.7105752369388938,100.0,75.625
,,,,,,,,,,,,,,,,,,,,,5.807990729808807,5.87873412668705,0.004568709759041667,0.7887919011991471,100.0,72.5
,,,,,,,,,,,,,,,,,,,,,5.851558119058609,5.970066279172897,0.004295489332434954,0.8775243572890759,100.0,68.125
,,,,,,,,,,,,,,,,,,,,,5.9606993943452835,5.7906258553266525,0.004940893064485863,0.7483561071567237,100.0,77.5
,,,,,,,,,,,,,,,,,,,,,5.944969490170479,6.0986675173044205,0.00476254597742809,0.8639763863757253,100.0,70.625
,,,,,,,,,,,,,,,,,,,,,6.000215217471123,5.979346215724945,0.0051789336575893685,0.8508072786498815,100.0,73.75
,,,,,,,,,,,,,,,,,,,,,5.96701867878437,5.9645084887743,0.004678251680161338,0.8874639868736267,100.0,66.25
,,,,,,,,,,,,,,,,,,,,,5.939247637987137,6.045914947986603,0.004804956945008598,0.7362409122288227,100.0,75.0
,,,,,,,,,,,,,,,,,,,,,5.927115514874458,5.871354848146439,0.004762504097016063,0.8112501914147288,100.0,72.5
,,,,,,,,,,,,,,,,,,,,,5.9861870259046555,5.9648105800151825,0.005274945040582679,0.7400964740663767,100.0,74.375
,,,,,,,,,,,,,,,,,,,,,5.994669437408447,5.910690620541573,0.004733628644316923,0.809217109112069,100.0,70.625
,,,,,,,,,,,,,,,,,,,,,5.902255788445473,5.873522788286209,0.005084615339001175,0.696382881840691,100.0,76.875
,,,,,,,,,,,,,,,,,,,,,5.89910089969635,5.864403739571571,0.004674085728765931,0.724782532081008,100.0,75.625
,,,,,,,,,,,,,,,,,,,,,5.915411666035652,5.834833964705467,0.004677927958255168,0.7454631784930825,100.0,75.625
,,,,,,,,,,,,,,,,,,,,,5.901177629828453,5.848236575722694,0.004819525172933936,0.7626286081504077,100.0,73.75
,,,,,,,,,,,,,,,,,,,,,5.924711614847183,5.83380451798439,0.004928580077830702,0.7383140013553202,100.0,71.25
,,,,,,,,,,,,,,,,,,,,,5.778018683195114,5.69317039847374,0.004798374880920164,0.6739563210867345,100.0,72.5
,,,,,,,,,,,,,,,,,,,,,5.778545528650284,5.749042674899101,0.004439204145455733,0.7553974010515958,100.0,71.875
,,,,,,,,,,,,,,,,,,,,,5.839205160737038,5.677577942609787,0.005038656017859466,0.7399203958921134,100.0,71.25
,,,,,,,,,,,,,,,,,,,,,5.695096999406815,5.730523839592934,0.0052087175427004695,0.8338288157247007,100.0,68.75
,,,,,,,,,,,,,,,,,,,,,5.820026770234108,5.838568642735481,0.005345179451978765,0.8274456169456244,100.0,67.5
,,,,,,,,,,,,,,,,,,,,,5.750452771782875,5.800957232713699,0.004746826933114789,0.8519267765805125,100.0,68.75
,,,,,,,,,,,,,,,,,,,,,5.822317853569984,5.826424732804298,0.004813274335901951,0.7068464709445834,100.0,75.625
,,,,,,,,,,,,,,,,,,,,,5.760933101177216,5.72463484108448,0.004952697257976979,0.6107826624065638,100.0,80.625
,,,,,,,,,,,,,,,,,,,,,5.893160119652748,5.767798066139221,0.004950805654516444,0.8711187969893217,100.0,66.25
,,,,,,,,,,,,,,,,,,,,,5.857097506523132,5.777928680181503,0.004791376071807463,0.76016781385988,100.0,73.125
,,,,,,,,,,,,,,,,,,,,,5.7272263914346695,5.698224455118179,0.004900592386547942,0.8200259073637426,100.0,67.5
,,,,,,,,,,,,,,,,,,,,,5.7472077161073685,5.834822237491608,0.004962842402164824,0.8421416296623647,100.0,70.0
,,,,,,,,,,,,,,,,,,,,,5.781870946288109,5.771842822432518,0.004719770971860271,0.8174361102283001,100.0,66.25
,,,,,,,,,,,,,,,,,,,,,5.932103082537651,5.922904655337334,0.00477355102339061,0.8656179318204522,100.0,67.5
,,,,,,,,,,,,,,,,,,,,,5.709643572568893,5.711037710309029,0.0045305145176826045,0.7461444223299623,100.0,76.875
,,,,,,,,,,,,,,,,,,,,,5.917292654514313,5.828630283474922,0.005210018083744217,0.8082959654275328,100.0,72.5
,,,,,,,,,,,,,,,,,,,,,5.85468889772892,5.752248913049698,0.004742346485727467,0.8158351839520037,100.0,69.375
,,,,,,,,,,,,,,,,,,,,,5.848266541957855,5.741229772567749,0.004968526634911541,0.842496243538335,100.0,71.875
,,,,,,,,,,,,,,,,,,,,,5.757558092474937,5.768661633133888,0.0047048375781741925,0.805401036515832,100.0,70.625
,,,,,,,,,,,,,,,,,,,,,5.761341795325279,5.780126571655273,0.0050410507174092345,0.8397479588165879,100.0,71.25
,,,,,,,,,,,,,,,,,,,,,5.748567000031471,5.765079498291016,0.0043936106594628654,0.6670193390455097,100.0,74.375
,,,,,,,,,,,,,,,,,,,,,5.720670282840729,5.628551200032234,0.004831479840504471,0.7207351003307849,100.0,71.875
,,,,,,,,,,,,,,,,,,,,,5.684773117303848,5.726704359054565,0.005042503740696702,0.7360289790667593,100.0,73.125
,,,,,,,,,,,,,,,,,,,,,5.694720908999443,5.629861667752266,0.004486377649300266,0.6897233640775084,100.0,78.125
,,,,,,,,,,,,,,,,,,,,,5.7650326192379,5.672709450125694,0.004812350023712497,0.8076074458658695,100.0,72.5
,,,,,,,,,,,,,,,,,,,,,5.661606118083,5.735510051250458,0.004769742510688957,0.8541941272560507,100.0,66.875
,,,,,,,,,,,,,,,,,,,,,5.771382063627243,5.783308804035187,0.004843415903451387,0.9295613716822118,100.0,63.75
,,,,,,,,,,,,,,,,,,,,,5.893837824463844,5.666422560811043,0.004683705243223812,0.8008740739896894,100.0,70.625
,,,,,,,,,,,,,,,,,,,,,5.706455081701279,5.849075615406036,0.004899445244518574,0.9100301009602845,100.0,68.125
,,,,,,,,,,,,,,,,,,,,,5.8074600249528885,5.809490233659744,0.004620106272341218,0.7387391896918416,100.0,74.375
,,,,,,,,,,,,,,,,,,,,,5.838129237294197,5.9381924867630005,0.004685356849222444,0.8170215096324682,100.0,71.875
,,,,,,,,,,,,,,,,,,,,,5.897778034210205,5.8462701588869095,0.00471219092287356,0.6515752905979753,100.0,75.0
,,,,,,,,,,,,,,,,,,,,,5.887302964925766,5.915105849504471,0.004802009527338669,0.7904484828468412,100.0,71.25
,,,,,,,,,,,,,,,,,,,,,5.836941823363304,5.878276944160461,0.004421846577315591,0.7094022082164884,100.0,75.625
,,,,,,,,,,,,,,,,,,,,,5.8002879321575165,5.822563886642456,0.004560195055091754,0.8253437724197283,100.0,69.375
,,,,,,,,,,,,,,,,,,,,,5.883153319358826,5.830345690250397,0.004846518895647023,0.848839595913887,100.0,67.5
,,,,,,,,,,,,,,,,,,,,,5.873777166008949,5.81256291270256,0.004791982151800767,0.7690663384273648,100.0,75.0
,,,,,,,,,,,,,,,,,,,,,5.840758204460144,5.7522759437561035,0.00468828872544691,0.7349672962445766,100.0,73.75
,,,,,,,,,,,,,,,,,,,,,5.790531620383263,5.761115208268166,0.004568387208564673,0.7885765363462269,100.0,73.125
,,,,,,,,,,,,,,,,,,,,,5.764998018741608,5.84579961001873,0.0045114499516785145,0.8481912249699235,100.0,68.75
,,,,,,,,,,,,,,,,,,,,,5.661544814705849,5.6929367035627365,0.004949638641846832,0.6638132631778717,100.0,76.875
,,,,,,,,,,,,,,,,,,,,,5.756048783659935,5.70547379553318,0.004478703376662452,0.7907338631339371,100.0,70.0
,,,,,,,,,,,,,,,,,,,,,5.653246030211449,5.765838041901588,0.004408313739986625,0.721100116148591,100.0,71.875
,,,,,,,,,,,,,,,,,,,,,5.609627857804298,5.5985269993543625,0.004897882557997946,0.6007238547317684,100.0,79.375
,,,,,,,,,,,,,,,,,,,,,5.5524882376194,5.685688242316246,0.004802710325748194,0.7003327687270939,100.0,74.375
,,,,,,,,,,,,,,,,,,,,,5.474103540182114,5.525071308016777,0.004694331095379312,0.8502752892673016,100.0,69.375
,,,,,,,,,,,,,,,,,,,,,5.720692113041878,5.602539151906967,0.004798214380571153,0.7601155773736537,100.0,72.5
,,,,,,,,,,,,,,,,,,,,,5.587741583585739,5.706564083695412,0.0047739020446897484,0.9421574817970395,100.0,62.5
,,,,,,,,,,,,,,,,,,,,,5.5481633841991425,5.46893946826458,0.004392603390442673,0.8054714986355975,100.0,77.5
,,,,,,,,,,,,,,,,,,,,,5.544587045907974,5.578960791230202,0.004139484430197626,0.8761575918179005,100.0,63.125
,,,,,,,,,,,,,,,,,,,,,5.6265324503183365,5.5498955100774765,0.004930418406729586,0.7365981489419937,100.0,76.25
,,,,,,,,,,,,,,,,,,,,,5.4861051589250565,5.651308655738831,0.00445582291285973,0.8904887665994465,100.0,66.875
,,,,,,,,,,,,,,,,,,,,,5.656683564186096,5.66943633556366,0.0046854529064148664,0.7023036968894303,100.0,75.625
,,,,,,,,,,,,,,,,,,,,,5.863731816411018,5.855602651834488,0.004758083414344583,0.7013809578493237,100.0,73.75
,,,,,,,,,,,,,,,,,,,,,5.773894295096397,5.8786758333444595,0.0043599968194030225,0.8384987046010792,100.0,71.25
,,,,,,,,,,,,,,,,,,,,,5.885626658797264,5.857257828116417,0.004574112281261478,0.7545573278330266,100.0,72.5
,,,,,,,,,,,,,,,,,,,,,6.083197548985481,6.006185606122017,0.004888205352472141,0.6463578976690769,100.0,81.25
,,,,,,,,,,,,,,,,,,,,,6.063152328133583,6.061638697981834,0.004297995124943554,0.7281828834675252,100.0,72.5
,,,,,,,,,,,,,,,,,,,,,6.129405111074448,6.121571108698845,0.004531683007371612,0.8300559623166919,100.0,70.625
,,,,,,,,,,,,,,,,,,,,,6.0801355838775635,6.202509596943855,0.0045550759678008035,0.7855270514264703,100.0,74.375
,,,,,,,,,,,,,,,,,,,,,6.161057069897652,6.185903757810593,0.004528471719822846,0.8016963433474302,100.0,71.875
,,,,,,,,,,,,,,,,,,,,,6.1666640639305115,6.067700043320656,0.004668850728194229,0.7189169637858868,100.0,73.125
,,,,,,,,,,,,,,,,,,,,,6.226923123002052,6.13690710067749,0.004540385336440522,0.7354449634440243,100.0,72.5
,,,,,,,,,,,,,,,,,,,,,6.079416424036026,6.21469321846962,0.004726878039946314,0.8821257287636399,100.0,70.0
,,,,,,,,,,,,,,,,,,,,,6.1974184066057205,6.151566326618195,0.004773797598318197,0.7930511445738375,100.0,70.0
,,,,,,,,,,,,,,,,,,,,,6.127311959862709,6.119986474514008,0.004448976549610961,0.8161151900421828,100.0,70.0
,,,,,,,,,,,,,,,,,,,,,5.9435804933309555,5.998361736536026,0.004317824059398845,0.6727377106435597,100.0,77.5
,,,,,,,,,,,,,,,,,,,,,6.013932675123215,5.884747937321663,0.004711016998044215,0.7383796111680567,100.0,76.875
,,,,,,,,,,,,,,,,,,,,,5.974051669239998,5.937414452433586,0.004611191478034016,0.5994438424240798,100.0,80.625
,,,,,,,,,,,,,,,,,,,,,5.959000423550606,5.939679592847824,0.004671124857850373,0.7035651318728924,100.0,75.625
,,,,,,,,,,,,,,,,,,,,,5.802322566509247,5.81297342479229,0.004610697127645835,0.7994687301106751,100.0,72.5
,,,,,,,,,,,,,,,,,,,,,5.895077586174011,5.8246729373931885,0.00449176778056426,0.6376109914854169,100.0,80.625
,,,,,,,,,,,,,,,,,,,,,5.857788309454918,5.804996192455292,0.004337365411629435,0.7816955971065909,100.0,72.5
,,,,,,,,,,,,,,,,,,,,,5.95385929942131,5.96065191924572,0.004579242886393331,0.6651572324335575,100.0,76.875
,,,,,,,,,,,,,,,,,,,,,5.999988526105881,5.815291583538055,0.004809990612557158,0.7877300342079252,100.0,72.5
,,,,,,,,,,,,,,,,,,,,,5.960412010550499,5.952980622649193,0.004644175263820216,0.8124327533878386,100.0,72.5
,,,,,,,,,,,,,,,,,,,,,6.0142505168914795,5.912966266274452,0.004958738420100417,0.6283501037396491,100.0,79.375
,,,,,,,,,,,,,,,,,,,,,5.813569217920303,5.777774751186371,0.004686907370341942,0.7093257079832256,100.0,75.0
,,,,,,,,,,,,,,,,,,,,,5.8985839784145355,5.8754328936338425,0.004638398851966485,0.7840947774238884,100.0,70.625
,,,,,,,,,,,,,,,,,,,,,6.030415952205658,5.920052587985992,0.004675154719734564,0.7304623736999929,100.0,73.75
,,,,,,,,,,,,,,,,,,,,,6.005577072501183,6.11168597638607,0.004683832616137806,0.6390299641061574,100.0,79.375
,,,,,,,,,,,,,,,,,,,,,6.0628646314144135,5.922440946102142,0.004790745631908067,0.8554658475331962,100.0,73.125
,,,,,,,,,,,,,,,,,,,,,5.996279165148735,5.9735885709524155,0.0044764665653929114,0.6864585848525167,100.0,76.25
,,,,,,,,,,,,,,,,,,,,,5.860868036746979,6.009886726737022,0.00434464084537467,0.7005147541640326,100.0,74.375
,,,,,,,,,,,,,,,,,,,,,6.1701707392930984,6.190253868699074,0.004437617666553706,0.6920034564100206,100.0,74.375
,,,,,,,,,,,,,,,,,,,,,5.887460827827454,5.862656980752945,0.004352956617367454,0.8209435674361885,100.0,70.0
,,,,,,,,,,,,,,,,,,,,,6.008608669042587,6.041130289435387,0.004241643375280546,0.8363731522113085,100.0,71.25
,,,,,,,,,,,,,,,,,,,,,5.99378028512001,5.8336129784584045,0.004514621468842961,0.7735115610994399,100.0,73.75
,,,,,,,,,,,,,,,,,,,,,5.9087043553590775,5.831858962774277,0.004582881010719575,0.6281980089843273,100.0,75.625
,,,,,,,,,,,,,,,,,,,,,5.968174770474434,5.918543368577957,0.004455184309335891,0.8053904362022877,100.0,74.375
,,,,,,,,,,,,,,,,,,,,,5.88261342048645,5.76861335337162,0.004525693067989778,0.7054155259393156,100.0,73.125
,,,,,,,,,,,,,,,,,,,,,5.795713096857071,5.586659878492355,0.00454723939037649,0.7649739030748606,100.0,71.875
,,,,,,,,,,,,,,,,,,,,,5.715185657143593,5.621200799942017,0.004123168793739751,0.7580225821584463,100.0,71.875
,,,,,,,,,,,,,,,,,,,,,5.468279585242271,5.4926872700452805,0.0048035249128588475,0.6936073761899024,100.0,74.375
,,,,,,,,,,,,,,,,,,,,,5.7770915776491165,5.70168362557888,0.004526573888142593,0.6850740956142545,100.0,76.25
,,,,,,,,,,,,,,,,,,,,,5.586247891187668,5.672638386487961,0.00430631705239648,0.7331585502251983,100.0,78.75
,,,,,,,,,,,,,,,,,,,,,5.686433911323547,5.6239791214466095,0.004702122030721512,0.7738459794782102,100.0,71.25
,,,,,,,,,,,,,,,,,,,,,5.689604535698891,5.544271603226662,0.004794910899363458,0.5609821551479399,100.0,81.25
,,,,,,,,,,,,,,,,,,,,,5.7836441695690155,5.756397098302841,0.004694717361417133,0.6946802448946983,100.0,72.5
,,,,,,,,,,,,,,,,,,,,,5.827623933553696,5.774415895342827,0.004604350047884509,0.8302776729688048,100.0,71.25
,,,,,,,,,,,,,,,,,,,,,5.753783464431763,5.764870747923851,0.004133309696044307,0.6271757516078651,100.0,75.625
,,,,,,,,,,,,,,,,,,,,,5.964124843478203,5.843022927641869,0.004602616572810803,0.8268972551450133,100.0,70.625
,,,,,,,,,,,,,,,,,,,,,6.003438964486122,5.999165713787079,0.004665213662519818,0.7328966639470309,100.0,75.0
,,,,,,,,,,,,,,,,,,,,,6.074474275112152,6.0415477603673935,0.004130288965825457,0.7392689160769805,100.0,74.375
,,,,,,,,,,,,,,,,,,,,,6.055204585194588,6.1193108558654785,0.0039552823509438895,0.7638437640853226,100.0,71.875
,,,,,,,,,,,,,,,,,,,,,6.169346392154694,6.18957231938839,0.004015121128759347,0.7807366554625332,100.0,68.75
,,,,,,,,,,,,,,,,,,,,,6.210614383220673,6.185498937964439,0.004144230391830206,0.7647840792778879,100.0,71.875
,,,,,,,,,,,,,,,,,,,,,6.058831200003624,6.171499699354172,0.004197086178464815,0.7532346127554774,100.0,70.0
,,,,,,,,,,,,,,,,,,,,,6.189471885561943,6.12422376871109,0.004691096088208724,0.7101252032443881,100.0,71.25
,,,,,,,,,,,,,,,,,,,,,6.294987425208092,6.132754772901535,0.004344286702689715,0.6169297359883785,100.0,76.875
,,,,,,,,,,,,,,,,,,,,,6.165766939520836,6.146711975336075,0.004435543349245563,0.7736464412882924,100.0,68.75
,,,,,,,,,,,,,,,,,,,,,5.895369648933411,5.930283084511757,0.004094001862540608,0.5862058685161173,100.0,79.375
,,,,,,,,,,,,,,,,,,,,,5.8878063559532166,5.919342413544655,0.00432960492616985,0.7396242981776595,100.0,72.5
,,,,,,,,,,,,,,,,,,,,,5.971500515937805,5.876937434077263,0.00486298456962686,0.6678338986821473,100.0,73.125
,,,,,,,,,,,,,,,,,,,,,5.943462908267975,5.878511518239975,0.004335621524660382,0.7099993652664125,100.0,73.75
,,,,,,,,,,,,,,,,,,,,,5.911666080355644,5.90093420445919,0.004312377379392274,0.6398300812579691,100.0,76.25
,,,,,,,,,,,,,,,,,,,,,5.684447333216667,5.695239081978798,0.0041489181166980416,0.67131237545982,100.0,76.25
,,,,,,,,,,,,,,,,,,,,,5.788876578211784,5.677428603172302,0.004573314683511853,0.6890860428102314,100.0,76.875
,,,,,,,,,,,,,,,,,,,,,5.720817178487778,5.545771107077599,0.00450842249483685,0.7013475748244673,100.0,75.625
,,,,,,,,,,,,,,,,,,,,,5.68109817802906,5.602001309394836,0.004324058187194169,0.7221364793367684,100.0,75.625
,,,,,,,,,,,,,,,,,,,,,5.598957493901253,5.483345240354538,0.0043716281215893105,0.7223536921665072,100.0,75.0
,,,,,,,,,,,,,,,,,,,,,5.680368065834045,5.592143297195435,0.004379255282401573,0.59846973977983,100.0,81.25
,,,,,,,,,,,,,,,,,,,,,5.716826155781746,5.566724136471748,0.004336728256021161,0.7335766800679266,100.0,72.5
,,,,,,,,,,,,,,,,,,,,,5.5577937215566635,5.5712921023368835,0.004589736214256845,0.6551325581967831,100.0,78.125
,,,,,,,,,,,,,,,,,,,,,5.509819731116295,5.600694626569748,0.0038915144468774088,0.7968584736809134,100.0,74.375
,,,,,,,,,,,,,,,,,,,,,5.665336728096008,5.47068826854229,0.0044476665898400825,0.7659498893190175,100.0,68.125
,,,,,,,,,,,,,,,,,,,,,5.623421296477318,5.619664281606674,0.004161318902333733,0.734032780630514,100.0,74.375
,,,,,,,,,,,,,,,,,,,,,5.595946788787842,5.611257180571556,0.004150441367528401,0.674757759552449,100.0,76.25
,,,,,,,,,,,,,,,,,,,,,5.695454403758049,5.623470693826675,0.0044329600932542235,0.6783972340635955,100.0,78.125
,,,,,,,,,,,,,,,,,,,,,5.5900531858205795,5.706999853253365,0.004347976322605973,0.8206900618970394,100.0,69.375
,,,,,,,,,,,,,,,,,,,,,5.707132905721664,5.662032306194305,0.0044984204942011274,0.6754449157742783,100.0,76.25
,,,,,,,,,,,,,,,,,,,,,5.736447870731354,5.786718234419823,0.004258798515365925,0.6569695757934824,100.0,80.625
,,,,,,,,,,,,,,,,,,,,,5.625328719615936,5.679750233888626,0.004197180984192528,0.6476584277115762,100.0,77.5
,,,,,,,,,,,,,,,,,,,,,5.677277207374573,5.680785551667213,0.004165026097325608,0.6098392596468329,100.0,76.25
,,,,,,,,,,,,,,,,,,,,,5.679963514208794,5.711182177066803,0.004064065127749927,0.7305623502470553,100.0,75.0
,,,,,,,,,,,,,,,,,,,,,5.784400522708893,5.721026062965393,0.004559843120659934,0.7169228128623217,100.0,75.625
,,,,,,,,,,,,,,,,,,,,,5.7550579607486725,5.649748384952545,0.004203274431347381,0.6117993972729892,100.0,78.125
,,,,,,,,,,,,,,,,,,,,,5.81078565120697,5.730836793780327,0.004583980291499756,0.6645646193064749,100.0,74.375
,,,,,,,,,,,,,,,,,,,,,5.773917853832245,5.886228144168854,0.004697913554991828,0.7586271543987095,100.0,71.25
,,,,,,,,,,,,,,,,,,,,,5.7476420402526855,5.745772063732147,0.004188220256764907,0.6195087968371809,100.0,78.125
,,,,,,,,,,,,,,,,,,,,,5.700046882033348,5.7706205397844315,0.00455799835617654,0.7143257663119584,100.0,68.75
,,,,,,,,,,,,,,,,,,,,,5.805166319012642,5.729504585266113,0.004046948448376497,0.617489661090076,100.0,78.75
,,,,,,,,,,,,,,,,,,,,,5.924541249871254,5.967315196990967,0.004218660375045147,0.7799277906306088,100.0,72.5
,,,,,,,,,,,,,,,,,,,,,5.798375830054283,5.81198813021183,0.003871648215863388,0.7348847258836031,100.0,73.125
,,,,,,,,,,,,,,,,,,,,,5.848641529679298,5.974981784820557,0.004841301262786146,0.7195050059817731,100.0,70.625
,,,,,,,,,,,,,,,,,,,,,5.688617184758186,5.772577151656151,0.004302763351006433,0.7600717288441956,100.0,73.125
,,,,,,,,,,,,,,,,,,,,,5.557185620069504,5.4693756103515625,0.004326314388890751,0.6586110314819962,100.0,71.875
,,,,,,,,,,,,,,,,,,,,,5.647387519478798,5.631865590810776,0.00424074593684054,0.5739439551252872,100.0,77.5
,,,,,,,,,,,,,,,,,,,,,5.588413909077644,5.574300214648247,0.004050858959089965,0.71510413242504,100.0,72.5
,,,,,,,,,,,,,,,,,,,,,5.650584295392036,5.5477545112371445,0.004369912268884946,0.77991215698421,100.0,71.25
,,,,,,,,,,,,,,,,,,,,,5.565376877784729,5.480171173810959,0.004242088085447904,0.6628424199298024,100.0,75.0
,,,,,,,,,,,,,,,,,,,,,5.307562038302422,5.580422013998032,0.003768183221836807,0.674813793040812,100.0,74.375
,,,,,,,,,,,,,,,,,,,,,5.4564433097839355,5.446670681238174,0.004152997185883578,0.5659454793203622,100.0,78.75
,,,,,,,,,,,,,,,,,,,,,5.518789991736412,5.444308251142502,0.004221213537675794,0.7183163336594589,100.0,73.75
,,,,,,,,,,,,,,,,,,,,,5.5927122831344604,5.567308157682419,0.003946814402297605,0.8094669412821531,100.0,71.25
,,,,,,,,,,,,,,,,,,,,,5.629350736737251,5.596747606992722,0.004165220620052423,0.834644724149257,100.0,71.875
,,,,,,,,,,,,,,,,,,,,,5.604541823267937,5.554257720708847,0.004451284235983621,0.7210534662008286,100.0,73.75
,,,,,,,,,,,,,,,,,,,,,5.741237059235573,5.708340436220169,0.0040829272620612755,0.8129919866332784,100.0,72.5
,,,,,,,,,,,,,,,,,,,,,5.80989283323288,5.7550904005765915,0.004756221707793884,0.6562047934276052,100.0,78.75
,,,,,,,,,,,,,,,,,,,,,5.655628114938736,5.7895409017801285,0.004360071245173458,0.7872891523875296,100.0,71.25
,,,,,,,,,,,,,,,,,,,,,5.8040302991867065,5.704343259334564,0.004080418206285685,0.5956515409052372,100.0,78.125
,,,,,,,,,,,,,,,,,,,,,5.805700600147247,5.826478973031044,0.004134527232963592,0.6189795250538737,100.0,75.0
,,,,,,,,,,,,,,,,,,,,,5.891812726855278,5.888219565153122,0.004523538729699794,0.7243362721055746,100.0,78.125
,,,,,,,,,,,,,,,,,,,,,5.8504535257816315,5.836707949638367,0.004405393050546991,0.6200983198359609,100.0,80.0
,,,,,,,,,,,,,,,,,,,,,5.8010226637125015,5.880661755800247,0.004135490824410226,0.648513327119872,100.0,76.25
,,,,,,,,,,,,,,,,,,,,,6.079871386289597,5.978253901004791,0.004273832746548578,0.7222981869708747,100.0,72.5
,,,,,,,,,,,,,,,,,,,,,5.965754121541977,5.753647893667221,0.0038255957842920907,0.7136781369335949,100.0,70.0
,,,,,,,,,,,,,,,,,,,,,5.873097375035286,5.91126261651516,0.0042523999873083085,0.6478250541258603,100.0,75.0
,,,,,,,,,,,,,,,,,,,,,6.005826160311699,5.837191849946976,0.004338554441346787,0.7298612548038363,100.0,70.625
,,,,,,,,,,,,,,,,,,,,,5.8992850333452225,6.011645004153252,0.004112924358196324,0.6290465062484145,100.0,79.375
,,,,,,,,,,,,,,,,,,,,,6.009828716516495,5.962270602583885,0.004383648047223687,0.6839871108531952,100.0,74.375
,,,,,,,,,,,,,,,,,,,,,6.1162369549274445,6.051128879189491,0.004424906233907677,0.6694424767047167,100.0,73.125
,,,,,,,,,,,,,,,,,,,,,5.909036248922348,5.8385424464941025,0.004219257891236339,0.550466472748667,100.0,80.625
,,,,,,,,,,,,,,,,,,,,,6.028005138039589,5.9325744062662125,0.004393269700813107,0.7736241235397756,100.0,66.875
,,,,,,,,,,,,,,,,,,,,,6.075171679258347,5.973247587680817,0.004189164734270889,0.8031503893435001,100.0,72.5
,,,,,,,,,,,,,,,,,,,,,6.058922708034515,5.983493730425835,0.004293804886401631,0.7109600624535233,100.0,72.5
,,,,,,,,,,,,,,,,,,,,,5.8905796110630035,6.0477854162454605,0.004172178989392705,0.5889664322603494,100.0,80.0
,,,,,,,,,,,,,,,,,,,,,5.991191804409027,5.981657072901726,0.004449222251423635,0.7450447513256222,100.0,73.125
,,,,,,,,,,,,,,,,,,,,,6.049959048628807,6.024774745106697,0.0041104221745627,0.7350373039953411,100.0,74.375
,,,,,,,,,,,,,,,,,,,,,6.04755225777626,6.013513281941414,0.004217526358843315,0.7296475055627525,100.0,73.125
,,,,,,,,,,,,,,,,,,,,,5.992173805832863,6.043840765953064,0.004444935970241204,0.7439384567551315,100.0,71.25
,,,,,,,,,,,,,,,,,,,,,6.015362188220024,5.9703933745622635,0.003756207752303453,0.6542964284308255,100.0,75.625
,,,,,,,,,,,,,,,,,,,,,6.0919618010520935,6.123888313770294,0.004065521097800229,0.760165618499741,100.0,73.75
,,,,,,,,,,,,,,,,,,,,,5.97577403485775,5.928274542093277,0.003953919680498075,0.6728377093095332,100.0,78.125
,,,,,,,,,,,,,,,,,,,,,6.055675715208054,6.117133975028992,0.004306272268877365,0.7543253733310848,100.0,72.5
,,,,,,,,,,,,,,,,,,,,,6.215981230139732,6.032108575105667,0.0041512620155117474,0.6253177158068866,100.0,78.125
,,,,,,,,,,,,,,,,,,,,,5.982585191726685,5.879997566342354,0.003644040240033064,0.5813991881441325,100.0,80.0
,,,,,,,,,,,,,,,,,,,,,6.087813436985016,6.084087669849396,0.003836508469248656,0.7876412491314113,100.0,74.375
,,,,,,,,,,,,,,,,,,,,,6.0594073832035065,5.991663724184036,0.003976883424911648,0.5909583698958158,100.0,78.75
,,,,,,,,,,,,,,,,,,,,,5.971033424139023,6.0665731728076935,0.0036722799341077916,0.8260746784508228,100.0,71.25
,,,,,,,,,,,,,,,,,,,,,6.0460381507873535,6.065740287303925,0.004096106775250519,0.7221661321818829,100.0,73.75
,,,,,,,,,,,,,,,,,,,,,5.95064078271389,6.028318330645561,0.004165246107731946,0.6071797893382609,100.0,79.375
,,,,,,,,,,,,,,,,,,,,,6.078023850917816,6.0919085294008255,0.004329214025347028,0.7454212685115635,100.0,72.5
,,,,,,,,,,,,,,,,,,,,,5.921647861599922,6.015772804617882,0.0039689700497547165,0.7480760954786092,100.0,73.75
,,,,,,,,,,,,,,,,,,,,,5.940563768148422,5.9101686626672745,0.003663913292257348,0.7340912185609341,100.0,74.375
,,,,,,,,,,,,,,,,,,,,,5.896690338850021,5.949864894151688,0.004143746882618871,0.7307367820758373,100.0,74.375
,,,,,,,,,,,,,,,,,,,,,5.896106034517288,5.920627951622009,0.0040416330739390105,0.7095092230010778,100.0,75.0
,,,,,,,,,,,,,,,,,,,,,5.885932698845863,5.755789875984192,0.004017768093035556,0.5880629583261907,100.0,78.75
,,,,,,,,,,,,,,,,,,,,,5.843804374337196,5.876550957560539,0.0041707549316925,0.6459600878879428,100.0,74.375
,,,,,,,,,,,,,,,,,,,,,5.722032576799393,5.717180997133255,0.004080078317201696,0.7630520092789084,100.0,75.625
,,,,,,,,,,,,,,,,,,,,,5.823782309889793,5.849363744258881,0.004262981790816411,0.707898945780471,100.0,78.125
,,,,,,,,,,,,,,,,,,,,,5.839041858911514,5.857004672288895,0.004262811311491532,0.854037038050592,100.0,75.0
,,,,,,,,,,,,,,,,,,,,,5.834698989987373,5.784187853336334,0.004174119640083518,0.6874399962835014,100.0,74.375
,,,,,,,,,,,,,,,,,,,,,5.7723157703876495,5.783339574933052,0.0037734551697212737,0.6886215433478355,100.0,75.625
,,,,,,,,,,,,,,,,,,,,,5.8321740329265594,5.738850489258766,0.004223219468258321,0.6722948669921607,100.0,73.125
,,,,,,,,,,,,,,,,,,,,,5.839773908257484,5.883855402469635,0.0041813481075223535,0.768732775002718,100.0,73.125
,,,,,,,,,,,,,,,,,,,,,6.016633480787277,5.924986243247986,0.0040433927497360855,0.615884856088087,100.0,79.375
,,,,,,,,,,,,,,,,,,,,,5.8122728317976,5.874391615390778,0.003501695409795502,0.6819596285931766,100.0,75.0
,,,,,,,,,,,,,,,,,,,,,5.992927268147469,5.894886255264282,0.003871050248562824,0.7545579709112644,100.0,70.625
,,,,,,,,,,,,,,,,,,,,,5.909467652440071,5.819355487823486,0.0042027305462397635,0.6013289242982864,100.0,79.375
,,,,,,,,,,,,,,,,,,,,,5.899863064289093,5.832416325807571,0.0038236633699852973,0.7249662422109395,100.0,75.0
,,,,,,,,,,,,,,,,,,,,,5.921373724937439,5.932172253727913,0.003999537089839578,0.6521521308459342,100.0,77.5
,,,,,,,,,,,,,,,,,,,,,5.795447185635567,5.798309922218323,0.0037226319691399112,0.6320231300778687,100.0,78.75
,,,,,,,,,,,,,,,,,,,,,5.840002790093422,5.930958241224289,0.0037869470834266394,0.6628749568480998,100.0,73.75
,,,,,,,,,,,,,,,,,,,,,5.821726962924004,5.796166002750397,0.003821427824732382,0.7372148397844285,100.0,76.875
,,,,,,,,,,,,,,,,,,,,,5.8827561885118484,5.91960933804512,0.004062050604261458,0.7424809248186648,100.0,71.875
,,,,,,,,,,,,,,,,,,,,,5.81273065507412,5.796353802084923,0.004022915098175872,0.6164683387614787,100.0,76.25
,,,,,,,,,,,,,,,,,,,,,5.960013970732689,5.904546171426773,0.003768112961552106,0.8058488063979894,100.0,71.25
,,,,,,,,,,,,,,,,,,,,,5.778618365526199,5.788910269737244,0.004132840527745429,0.6892882999964058,100.0,73.75
,,,,,,,,,,,,,,,,,,,,,5.851583689451218,5.853682190179825,0.004007142626505811,0.6599289532750845,100.0,74.375
,,,,,,,,,,,,,,,,,,,,,5.9310577511787415,5.892787843942642,0.003927826761355391,0.5831039927434176,100.0,80.0
,,,,,,,,,,,,,,,,,,,,,5.93524307012558,5.784708932042122,0.003802092600381002,0.663460993906483,100.0,76.875
,,,,,,,,,,,,,,,,,,,,,5.826967105269432,5.803187131881714,0.00399460088374326,0.6149103716015816,100.0,80.625
,,,,,,,,,,,,,,,,,,,,,5.826376423239708,5.8276058584451675,0.0034660284291021526,0.7548029301688075,100.0,71.875
,,,,,,,,,,,,,,,,,,,,,5.909474611282349,5.7944164872169495,0.004393696195620578,0.6753588472492993,100.0,80.0
,,,,,,,,,,,,,,,,,,,,,5.680594354867935,5.755481407046318,0.003485576235107146,0.687183984555304,100.0,74.375
,,,,,,,,,,,,,,,,,,,,,5.828041687607765,5.768251985311508,0.003708619362441823,0.6653956049121916,100.0,78.75
,,,,,,,,,,,,,,,,,,,,,5.945771262049675,5.896367967128754,0.0037937046618026216,0.5933954161591828,100.0,80.625
,,,,,,,,,,,,,,,,,,,,,5.877738982439041,5.923926562070847,0.00386146895471029,0.6078109084628522,100.0,81.875
,,,,,,,,,,,,,,,,,,,,,5.906277611851692,5.893001347780228,0.003593270950659644,0.6852367520332336,100.0,76.875
,,,,,,,,,,,,,,,,,,,,,5.79987008869648,5.942421346902847,0.004317331666243263,0.6768076424486935,100.0,77.5
,,,,,,,,,,,,,,,,,,,,,5.763831049203873,5.899731516838074,0.0038381665508495644,0.7319744268897921,100.0,73.125
,,,,,,,,,,,,,,,,,,,,,5.759479805827141,5.794728711247444,0.0036253502876206767,0.6886941171251237,100.0,73.75
,,,,,,,,,,,,,,,,,,,,,5.885416582226753,5.864660710096359,0.004002648416644661,0.6793584660626948,100.0,75.625
,,,,,,,,,,,,,,,,,,,,,5.962434738874435,5.873042404651642,0.004031332828162704,0.5604749950580299,100.0,80.0
,,,,,,,,,,,,,,,,,,,,,5.978810608386993,5.860438376665115,0.004038739309180528,0.7619189936667681,100.0,76.25
,,,,,,,,,,,,,,,,,,,,,5.899344220757484,5.921979457139969,0.003764692912227474,0.6888651379849762,100.0,76.25
,,,,,,,,,,,,,,,,,,,,,5.8870294243097305,5.761821076273918,0.003643280939286342,0.6712281429208815,100.0,79.375
,,,,,,,,,,,,,,,,,,,,,5.782717898488045,5.826613143086433,0.003687738368171267,0.5819253968074918,100.0,78.75
,,,,,,,,,,,,,,,,,,,,,5.937863811850548,5.808392226696014,0.0037253298141877167,0.818740576505661,100.0,71.25
,,,,,,,,,,,,,,,,,,,,,5.8031245470047,5.8249202221632,0.0038885579378984403,0.725814011413604,100.0,73.75
,,,,,,,,,,,,,,,,,,,,,5.659444510936737,5.826026812195778,0.0037116667299414985,0.7321835567709059,100.0,72.5
,,,,,,,,,,,,,,,,,,,,,5.816963374614716,5.85561129450798,0.004088912181032356,0.7085622800514102,100.0,76.875
,,,,,,,,,,,,,,,,,,,,,5.753854364156723,5.736478269100189,0.004072186806297395,0.7147956471890211,100.0,68.75
,,,,,,,,,,,,,,,,,,,,,5.7695325911045074,5.729931980371475,0.003940098082239274,0.55032505444251,100.0,82.5
,,,,,,,,,,,,,,,,,,,,,5.691277965903282,5.690337061882019,0.003656148226582445,0.5099543682299554,100.0,78.75
,,,,,,,,,,,,,,,,,,,,,5.656513512134552,5.645402729511261,0.003696481457154732,0.7183331944979727,100.0,75.0
,,,,,,,,,,,,,,,,,,,,,5.558398008346558,5.668443948030472,0.0038317503094731364,0.647770022507757,100.0,76.875
,,,,,,,,,,,,,,,,,,,,,5.627504348754883,5.647451415657997,0.004347638699982781,0.7000138030853122,100.0,72.5
,,,,,,,,,,,,,,,,,,,,,5.6318448185920715,5.594185307621956,0.0037204213367658667,0.5362906837835908,100.0,84.375
,,,,,,,,,,,,,,,,,,,,,5.6303253918886185,5.626497730612755,0.003662203536805464,0.5539490280207247,100.0,79.375
,,,,,,,,,,,,,,,,,,,,,5.780944332480431,5.659352943301201,0.003925102239008993,0.7062867225613445,100.0,74.375
,,,,,,,,,,,,,,,,,,,,,5.850424647331238,5.88252429664135,0.004288967727916315,0.6597162244142964,100.0,77.5
,,,,,,,,,,,,,,,,,,,,,5.805656433105469,5.819239214062691,0.003710712931933813,0.7036326196976006,100.0,75.625
,,,,,,,,,,,,,,,,,,,,,5.822342067956924,5.909748688340187,0.004077727993717417,0.6630552329588681,100.0,80.0
,,,,,,,,,,,,,,,,,,,,,5.9516004621982574,5.827063024044037,0.004178563329332974,0.6113438853062689,100.0,80.0
,,,,,,,,,,,,,,,,,,,,,5.97777758538723,5.88577601313591,0.003725513721292373,0.5701692583970726,100.0,80.625
,,,,,,,,,,,,,,,,,,,,,5.8287878185510635,5.8475576639175415,0.003848003692837665,0.7287066746503115,100.0,73.125
,,,,,,,,,,,,,,,,,,,,,6.044528514146805,6.095890983939171,0.003963403414672939,0.7452391416300088,100.0,74.375
,,,,,,,,,,,,,,,,,,,,,6.098861560225487,6.071331933140755,0.003942398529034108,0.7138923206366599,100.0,77.5
,,,,,,,,,,,,,,,,,,,,,6.1165792644023895,6.162543326616287,0.003978402863140218,0.6516784047707915,100.0,78.125
,,,,,,,,,,,,,,,,,,,,,5.992395371198654,6.0182648450136185,0.004125799874600489,0.6181656890548766,100.0,77.5
,,,,,,,,,,,,,,,,,,,,,6.079325616359711,6.043673828244209,0.003973608570959186,0.5845820619724691,100.0,80.0
,,,,,,,,,,,,,,,,,,,,,5.871673539280891,5.8144689947366714,0.003681769532704493,0.6457421709783375,100.0,76.875
,,,,,,,,,,,,,,,,,,,,,6.181471571326256,6.041734501719475,0.003930821363610448,0.6794384154491127,100.0,76.875
,,,,,,,,,,,,,,,,,,,,,5.896618634462357,6.01555834710598,0.0038837179890833795,0.5784010058268905,100.0,82.5
,,,,,,,,,,,,,,,,,,,,,5.866448104381561,5.947909936308861,0.004137773699767422,0.5925386331509799,100.0,77.5
,,,,,,,,,,,,,,,,,,,,,5.942670673131943,5.880605652928352,0.004118671284231823,0.5846454086713493,100.0,81.875
,,,,,,,,,,,,,,,,,,,,,5.965680658817291,5.883855402469635,0.0038116676623758394,0.593906227266416,100.0,80.0
,,,,,,,,,,,,,,,,,,,,,6.002235397696495,5.980154857039452,0.0036945719475625083,0.7554927002638578,100.0,75.0
,,,,,,,,,,,,,,,,,,,,,5.99416109919548,5.972327962517738,0.0036876185768051073,0.7626849040389061,100.0,74.375
,,,,,,,,,,,,,,,,,,,,,6.0026141703128815,5.921137169003487,0.004002137207862688,0.5985550836194307,100.0,77.5
,,,,,,,,,,,,,,,,,,,,,5.852862685918808,5.879794076085091,0.003413510443351697,0.671871435130015,100.0,75.0
,,,,,,,,,,,,,,,,,,,,,5.938543722033501,5.801041901111603,0.003831279926089337,0.7495940076187253,100.0,71.875
,,,,,,,,,,,,,,,,,,,,,5.959664016962051,5.840260490775108,0.003966630109061953,0.6377495055785403,100.0,78.75
,,,,,,,,,,,,,,,,,,,,,5.817599564790726,5.922095701098442,0.004122171048948076,0.6827851617708802,100.0,78.125
,,,,,,,,,,,,,,,,,,,,,5.629867196083069,5.709308698773384,0.003559918637620285,0.5666126059368253,100.0,83.125
,,,,,,,,,,,,,,,,,,,,,5.8471879959106445,5.791639119386673,0.004167907616647426,0.6826213751919568,100.0,76.875
,,,,,,,,,,,,,,,,,,,,,5.7403861582279205,5.751363143324852,0.0037523178543779068,0.6676016887649894,100.0,78.125
